{
  "viewports": {
    "375": {
      "width": 375,
      "dpr": 2,
      "sections": {
        "page-title": {
          "liveTop_css": 271,
          "liveH_css": 306,
          "prevTop_css": 118,
          "prevH_css": 322,
          "cropH_css": 306,
          "cropH_img": 612,
          "totalPx": 459000,
          "AE": {
            "raw": "84317 (0.183697)",
            "num": 84317,
            "pct": 18.37
          },
          "AEfuzz3": {
            "raw": "80490 (0.175359)",
            "num": 80490,
            "pct": 17.536
          },
          "PSNR": "15.2885 (0.127404)",
          "DSSIM": "16372.7 (0.249831)"
        },
        "articles-view": {
          "liveTop_css": 578,
          "liveH_css": 2901,
          "prevTop_css": 440,
          "prevH_css": 2765,
          "cropH_css": 2765,
          "cropH_img": 5530,
          "totalPx": 4147500,
          "AE": {
            "raw": "2.52284e+06 (0.608279)",
            "num": 2,
            "pct": 0
          },
          "AEfuzz3": {
            "raw": "2.50655e+06 (0.604352)",
            "num": 2,
            "pct": 0
          },
          "PSNR": "12.2583 (0.102152)",
          "DSSIM": "15660.1 (0.238958)"
        },
        "grid": {
          "liveTop_css": 861,
          "liveH_css": 2446,
          "prevTop_css": 645,
          "prevH_css": 2392,
          "cropH_css": 2392,
          "cropH_img": 4784,
          "totalPx": 3588000,
          "AE": {
            "raw": "2.0733e+06 (0.577843)",
            "num": 2,
            "pct": 0
          },
          "AEfuzz3": {
            "raw": "2.06159e+06 (0.574579)",
            "num": 2,
            "pct": 0
          },
          "PSNR": "11.8768 (0.0989733)",
          "DSSIM": "16244.4 (0.247873)"
        },
        "pagination": {
          "liveTop_css": 3371,
          "liveH_css": 44,
          "prevTop_css": 3101,
          "prevH_css": 40,
          "cropH_css": 40,
          "cropH_img": 80,
          "totalPx": 60000,
          "AE": {
            "raw": "11302 (0.188367)",
            "num": 11302,
            "pct": 18.837
          },
          "AEfuzz3": {
            "raw": "10771 (0.179517)",
            "num": 10771,
            "pct": 17.952
          },
          "PSNR": "16.3746 (0.136455)",
          "DSSIM": "13987.2 (0.213431)"
        },
        "footer": {
          "liveTop_css": 3543,
          "liveH_css": 709,
          "prevTop_css": 3205,
          "prevH_css": 811,
          "cropH_css": 709,
          "cropH_img": 1418,
          "totalPx": 1063500,
          "AE": {
            "raw": "84825 (0.0797602)",
            "num": 84825,
            "pct": 7.976
          },
          "AEfuzz3": {
            "raw": "81191 (0.0763432)",
            "num": 81191,
            "pct": 7.634
          },
          "PSNR": "16.1117 (0.134264)",
          "DSSIM": "12755.5 (0.194637)"
        }
      },
      "wholePage": {
        "liveH": 8504,
        "prevH": 8030,
        "commonH": 8030,
        "totalPx": 6022500,
        "AE": "3.47439e+06 (0.576901)",
        "AEfuzz3": "3.44943e+06 (0.572758)",
        "PSNR": "13.0518 (0.108765)",
        "DSSIM": "14855.9 (0.226686)"
      },
      "chromeMask": {
        "cssTop": 160,
        "cssH": 63,
        "imgX1": 0,
        "imgY1": 320,
        "imgX2": 750,
        "imgY2": 446
      }
    },
    "768": {
      "width": 768,
      "dpr": 2,
      "sections": {
        "page-title": {
          "liveTop_css": 269,
          "liveH_css": 299,
          "prevTop_css": 118,
          "prevH_css": 317,
          "cropH_css": 299,
          "cropH_img": 598,
          "totalPx": 918528,
          "AE": {
            "raw": "99726 (0.108572)",
            "num": 99726,
            "pct": 10.857
          },
          "AEfuzz3": {
            "raw": "95801 (0.104298)",
            "num": 95801,
            "pct": 10.43
          },
          "PSNR": "16.8163 (0.140136)",
          "DSSIM": "12666.7 (0.193281)"
        },
        "articles-view": {
          "liveTop_css": 568,
          "liveH_css": 3347,
          "prevTop_css": 435,
          "prevH_css": 3485,
          "cropH_css": 3347,
          "cropH_img": 6694,
          "totalPx": 10281984,
          "AE": {
            "raw": "6.96866e+06 (0.677755)",
            "num": 6,
            "pct": 0
          },
          "AEfuzz3": {
            "raw": "6.92777e+06 (0.673778)",
            "num": 6,
            "pct": 0
          },
          "PSNR": "10.3508 (0.086257)",
          "DSSIM": "15943.5 (0.243282)"
        },
        "grid": {
          "liveTop_css": 747,
          "liveH_css": 2968,
          "prevTop_css": 614,
          "prevH_css": 3106,
          "cropH_css": 2968,
          "cropH_img": 5936,
          "totalPx": 9117696,
          "AE": {
            "raw": "6.8996e+06 (0.756727)",
            "num": 6,
            "pct": 0
          },
          "AEfuzz3": {
            "raw": "6.86177e+06 (0.752577)",
            "num": 6,
            "pct": 0
          },
          "PSNR": "9.89494 (0.0824578)",
          "DSSIM": "16545.6 (0.252469)"
        },
        "pagination": {
          "liveTop_css": 3778,
          "liveH_css": 40,
          "prevTop_css": 3784,
          "prevH_css": 40,
          "cropH_css": 40,
          "cropH_img": 80,
          "totalPx": 122880,
          "AE": {
            "raw": "11280 (0.0917969)",
            "num": 11280,
            "pct": 9.18
          },
          "AEfuzz3": {
            "raw": "10654 (0.0867025)",
            "num": 10654,
            "pct": 8.67
          },
          "PSNR": "19.4809 (0.162341)",
          "DSSIM": "11147.8 (0.170104)"
        },
        "footer": {
          "liveTop_css": 4010,
          "liveH_css": 511,
          "prevTop_css": 3920,
          "prevH_css": 544,
          "cropH_css": 511,
          "cropH_img": 1022,
          "totalPx": 1569792,
          "AE": {
            "raw": "110684 (0.0705087)",
            "num": 110684,
            "pct": 7.051
          },
          "AEfuzz3": {
            "raw": "106072 (0.0675707)",
            "num": 106072,
            "pct": 6.757
          },
          "PSNR": "16.8513 (0.140427)",
          "DSSIM": "12231.8 (0.186645)"
        }
      },
      "wholePage": {
        "liveH": 9044,
        "prevH": 8930,
        "commonH": 8930,
        "totalPx": 13716480,
        "AE": "8.82747e+06 (0.643567)",
        "AEfuzz3": "8.78453e+06 (0.640436)",
        "PSNR": "11.3239 (0.0943656)",
        "DSSIM": "14962.1 (0.228307)"
      },
      "chromeMask": {
        "cssTop": 160,
        "cssH": 61,
        "imgX1": 0,
        "imgY1": 320,
        "imgX2": 1536,
        "imgY2": 442
      }
    },
    "1280": {
      "width": 1280,
      "dpr": 2,
      "sections": {
        "page-title": {
          "liveTop_css": 269,
          "liveH_css": 299,
          "prevTop_css": 118,
          "prevH_css": 317,
          "cropH_css": 299,
          "cropH_img": 598,
          "totalPx": 1530880,
          "AE": {
            "raw": "101704 (0.066435)",
            "num": 101704,
            "pct": 6.643
          },
          "AEfuzz3": {
            "raw": "97818 (0.0638966)",
            "num": 97818,
            "pct": 6.39
          },
          "PSNR": "19.0337 (0.158614)",
          "DSSIM": "10898.7 (0.166303)"
        },
        "articles-view": {
          "liveTop_css": 568,
          "liveH_css": 1787,
          "prevTop_css": 435,
          "prevH_css": 2048,
          "cropH_css": 1787,
          "cropH_img": 3574,
          "totalPx": 9149440,
          "AE": {
            "raw": "4.88752e+06 (0.534188)",
            "num": 4,
            "pct": 0
          },
          "AEfuzz3": {
            "raw": "4.85696e+06 (0.530848)",
            "num": 4,
            "pct": 0
          },
          "PSNR": "11.5272 (0.0960602)",
          "DSSIM": "14836 (0.226383)"
        },
        "grid": {
          "liveTop_css": 747,