{
  "byViewport": {
    "375": {
      "sections": {
        "sidebar": {
          "cropW_css": 331.1875,
          "cropH_css": 446.6875,
          "cropW": 662,
          "cropH": 893,
          "totalPx": 591166,
          "AE": "75523 (0.127753)",
          "AE_num": 75523,
          "AE_pct": 12.775,
          "AEfuzz3": "71606 (0.121127)",
          "AEfuzz3_num": 71606,
          "AEfuzz3_pct": 12.113,
          "live": {
            "top": 1408.328125,
            "left": 14.40625,
            "w": 331.1875,
            "h": 471.828125
          },
          "preview": {
            "top": 1511.375,
            "left": 20,
            "w": 335,
            "h": 446.6875
          }
        },
        "cta": {
          "cropW_css": 360,
          "cropH_css": 553.4375,
          "cropW": 720,
          "cropH": 1106,
          "totalPx": 796320,
          "AE": "186268 (0.233911)",
          "AE_num": 186268,
          "AE_pct": 23.391,
          "AEfuzz3": "182671 (0.229394)",
          "AEfuzz3_num": 182671,
          "AEfuzz3_pct": 22.939,
          "live": {
            "top": 4666.671875,
            "left": 0,
            "w": 360,
            "h": 563.828125
          },
          "preview": {
            "top": 3577.203125,
            "left": 0,
            "w": 375,
            "h": 553.4375
          }
        }
      }
    },
    "768": {
      "sections": {
        "sidebar": {
          "cropW_css": 692.75,
          "cropH_css": 374.6875,
          "cropW": 1385,
          "cropH": 749,
          "totalPx": 1037365,
          "AE": "85691 (0.0826045)",
          "AE_num": 85691,
          "AE_pct": 8.26,
          "AEfuzz3": "81873 (0.078924)",
          "AEfuzz3_num": 81873,
          "AEfuzz3_pct": 7.892,
          "live": {
            "top": 1449.640625,
            "left": 30.125,
            "w": 692.75,
            "h": 393.234375
          },
          "preview": {
            "top": 1496.015625,
            "left": 24,
            "w": 720,
            "h": 374.6875
          }
        },
        "cta": {
          "cropW_css": 753,
          "cropH_css": 590.546875,
          "cropW": 1506,
          "cropH": 1181,
          "totalPx": 1778586,
          "AE": "206670 (0.116199)",
          "AE_num": 206670,
          "AE_pct": 11.62,
          "AEfuzz3": "202750 (0.113995)",
          "AEfuzz3_num": 202750,
          "AEfuzz3_pct": 11.4,
          "live": {
            "top": 3630.75,
            "left": 0,
            "w": 753,
            "h": 590.546875
          },
          "preview": {
            "top": 3161.296875,
            "left": 0,
            "w": 768,
            "h": 596.0625
          }
        }
      }
    },
    "1280": {
      "sections": {
        "sidebar": {
          "cropW_css": 320,
          "cropH_css": 446.6875,
          "cropW": 640,
          "cropH": 893,
          "totalPx": 571520,
          "AE": "76082 (0.133122)",
          "AE_num": 76082,
          "AE_pct": 13.312,
          "AEfuzz3": "72130 (0.126207)",
          "AEfuzz3_num": 72130,
          "AEfuzz3_pct": 12.621,
          "live": {
            "top": 779.65625,
            "left": 894.390625,
            "w": 320,
            "h": 471.828125
          },
          "preview": {
            "top": 675.265625,
            "left": 896,
            "w": 320,
            "h": 446.6875
          }
        },
        "cta": {
          "cropW_css": 1265,
          "cropH_css": 531.75,
          "cropW": 2530,
          "cropH": 1063,
          "totalPx": 2689390,
          "AE": "223093 (0.082953)",
          "AE_num": 223093,
          "AE_pct": 8.295,
          "AEfuzz3": "219170 (0.0814943)",
          "AEfuzz3_num": 219170,
          "AEfuzz3_pct": 8.149,
          "live": {
            "top": 2432.203125,
            "left": 0,
            "w": 1265,
            "h": 531.75
          },
          "preview": {
            "top": 2327.046875,
            "left": 0,
            "w": 1280,
            "h": 537.265625
          }
        }
      }
    }
  }
}