{
  "viewports": {
    "375": {
      "width": 375,
      "dpr": 2,
      "sections": {
        "hero": {
          "liveTop_css": 271,
          "liveH_css": 694,
          "prevTop_css": 118,
          "prevH_css": 602,
          "cropH_css": 602,
          "cropH_img": 1204,
          "totalPx": 903000,
          "AE": {
            "raw": "155187 (0.171857)",
            "num": 155187,
            "pct": 17.186
          },
          "AEfuzz3": {
            "raw": "149948 (0.166055)",
            "num": 149948,
            "pct": 16.606
          },
          "PSNR": "12.5097 (0.104248)",
          "DSSIM": "16478.2 (0.251441)"
        },
        "testing-tools": {
          "liveTop_css": 966,
          "liveH_css": 4207,
          "prevTop_css": 720,
          "prevH_css": 2824,
          "cropH_css": 2824,
          "cropH_img": 5648,
          "totalPx": 4236000,
          "AE": {
            "raw": "2.23977e+06 (0.528746)",
            "num": 2,
            "pct": 0
          },
          "AEfuzz3": {
            "raw": "2.20106e+06 (0.519609)",
            "num": 2,
            "pct": 0
          },
          "PSNR": "16.2778 (0.135648)",
          "DSSIM": "13616.3 (0.207772)"
        },
        "drupal-qa": {
          "liveTop_css": 5173,
          "liveH_css": 2621,
          "prevTop_css": 3544,
          "prevH_css": 2403,
          "cropH_css": 2403,
          "cropH_img": 4806,
          "totalPx": 3604500,
          "AE": {
            "raw": "830704 (0.230463)",
            "num": 830704,
            "pct": 23.046
          },
          "AEfuzz3": {
            "raw": "814150 (0.22587)",
            "num": 814150,
            "pct": 22.587
          },
          "PSNR": "16.7764 (0.139803)",
          "DSSIM": "13442.3 (0.205116)"
        },
        "other-modules": {
          "liveTop_css": 7794,
          "liveH_css": 366,
          "prevTop_css": 5947,
          "prevH_css": 323,
          "cropH_css": 323,
          "cropH_img": 646,
          "totalPx": 484500,
          "AE": {
            "raw": "37962 (0.0783529)",
            "num": 37962,
            "pct": 7.835
          },
          "AEfuzz3": {
            "raw": "36523 (0.0753829)",
            "num": 36523,
            "pct": 7.538
          },
          "PSNR": "16.9673 (0.141394)",
          "DSSIM": "12261.8 (0.187103)"
        },
        "closing-cta": {
          "liveTop_css": 8160,
          "liveH_css": 351,
          "prevTop_css": 6270,
          "prevH_css": 340,
          "cropH_css": 340,
          "cropH_img": 680,
          "totalPx": 510000,
          "AE": {
            "raw": "78899 (0.154704)",
            "num": 78899,
            "pct": 15.47
          },
          "AEfuzz3": {
            "raw": "77560 (0.152078)",
            "num": 77560,
            "pct": 15.208
          },
          "PSNR": "11.7063 (0.0975526)",
          "DSSIM": "14745.9 (0.225008)"
        },
        "footer": {
          "liveTop_css": 8511,
          "liveH_css": 709,
          "prevTop_css": 6610,
          "prevH_css": 844,
          "cropH_css": 709,
          "cropH_img": 1418,
          "totalPx": 1063500,
          "AE": {
            "raw": "87911 (0.082662)",
            "num": 87911,
            "pct": 8.266
          },
          "AEfuzz3": {
            "raw": "84085 (0.0790644)",
            "num": 84085,
            "pct": 7.906
          },
          "PSNR": "15.9226 (0.132689)",
          "DSSIM": "12998.4 (0.198342)"
        }
      },
      "wholePage": {
        "liveH": 18440,
        "prevH": 14908,
        "commonH": 14908,
        "totalPx": 11181000,
        "AE": "5.07191e+06 (0.453619)",
        "AEfuzz3": "4.99918e+06 (0.447114)",
        "PSNR": "12.9203 (0.107669)",
        "DSSIM": "14478.7 (0.220931)"
      },
      "chromeMask": {
        "cssTop": 160,
        "cssH": 63,
        "imgX1": 0,
        "imgY1": 320,
        "imgX2": 750,
        "imgY2": 446
      }
    },
    "768": {
      "width": 768,
      "dpr": 2,
      "sections": {
        "hero": {
          "liveTop_css": 269,
          "liveH_css": 669,
          "prevTop_css": 118,
          "prevH_css": 586,
          "cropH_css": 586,
          "cropH_img": 1172,
          "totalPx": 1800192,
          "AE": {
            "raw": "272856 (0.15157)",
            "num": 272856,
            "pct": 15.157
          },
          "AEfuzz3": {
            "raw": "264567 (0.146966)",
            "num": 264567,
            "pct": 14.697
          },
          "PSNR": "12.69 (0.10575)",
          "DSSIM": "14739.5 (0.224911)"
        },
        "testing-tools": {
          "liveTop_css": 938,
          "liveH_css": 2788,
          "prevTop_css": 704,
          "prevH_css": 2935,
          "cropH_css": 2788,
          "cropH_img": 5576,
          "totalPx": 8564736,
          "AE": {
            "raw": "6.14758e+06 (0.717778)",
            "num": 6,
            "pct": 0
          },
          "AEfuzz3": {
            "raw": "6.12711e+06 (0.715388)",
            "num": 6,
            "pct": 0
          },
          "PSNR": "18.2931 (0.152443)",
          "DSSIM": "11645.7 (0.177702)"
        },
        "drupal-qa": {
          "liveTop_css": 3726,
          "liveH_css": 1999,
          "prevTop_css": 3639,
          "prevH_css": 2813,
          "cropH_css": 1999,
          "cropH_img": 3998,
          "totalPx": 6140928,
          "AE": {
            "raw": "2.7027e+06 (0.440113)",
            "num": 2,
            "pct": 0
          },
          "AEfuzz3": {
            "raw": "2.67281e+06 (0.435245)",
            "num": 2,
            "pct": 0
          },
          "PSNR": "17.1789 (0.143158)",
          "DSSIM": "11951.1 (0.182362)"
        },
        "other-modules": {
          "liveTop_css": 5725,
          "liveH_css": 371,
          "prevTop_css": 6452,
          "prevH_css": 330,
          "cropH_css": 330,
          "cropH_img": 660,
          "totalPx": 1013760,
          "AE": {
            "raw": "47642 (0.0469953)",
            "num": 47642,
            "pct": 4.7
          },
          "AEfuzz3": {
            "raw": "46102 (0.0454762)",
            "num": 46102,
            "pct": 4.548
          },
          "PSNR": "18.9439 (0.157866)",
          "DSSIM": "10564.6 (0.161205)"
        },
        "closing-cta": {
          "liveTop_css": 6096,
          "liveH_css": 434,
          "prevTop_css": 6782,
          "prevH_css": 494,
          "cropH_css": 434,
          "cropH_img": 868,
          "totalPx": 1333248,
          "AE": {
            "raw": "137233 (0.102931)",
            "num": 137233,
            "pct": 10.293
          },
          "AEfuzz3": {
            "raw": "135517 (0.101644)",
            "num": 135517,
            "pct": 10.164
          },
          "PSNR": "13.2264 (0.11022)",
          "DSSIM": "11991.9 (0.182985)"
        },
        "footer": {
          "liveTop_css": 6530,
          "liveH_css": 511,
          "prevTop_css": 7275,
          "prevH_css": 544,
          "cropH_css": 511,
          "cropH_img": 1022,
          "totalPx": 1569792,
          "AE": {
            "raw": "112527 (0.0716827)",
            "num": 112527,
            "pct": 7.168
          },
          "AEfuzz3": {
            "raw": "107816 (0.0686817)",
            "num": 107816,
            "pct": 6.868
          },
          "PSNR": "16.7751 (0.139792)",
          "DSSIM": "12298.6 (0.187665)"
        }
      },
      "wholePage": {
        "liveH": 14082,
        "prevH": 15640,
        "commonH": 14082,
        "totalPx": 21629952,
        "AE": "1.38108e+07 (0.638504)",
        "AEfuzz3": "1.37343e+07 (0.634967)",
        "PSNR": "11.3176 (0.0943134)",
        "DSSIM": "13547.2 (0.206717)"
      },
      "chromeMask": {
        "cssTop": 160,
        "cssH": 61,
        "imgX1": 0,
        "imgY1": 320,
        "imgX2": 1536,
        "imgY2": 442
      }
    },
    "1280": {
      "width": 1280,
      "dpr": 2,